Datacenter,URL,IP v4 addresses,IP v6 range in DB
Amazon AWS,https://aws.amazon.com/,"129,155,400",Yes
Microsoft Corporation,https://www.microsoft.com/,"35,503,600",Yes
Alibaba Cloud,https://www.alibabacloud.com/,"16,934,912",
Apple Inc.,https://www.apple.com/,"16,786,188",Yes
"Akamai Technologies, Inc.",https://www.akamai.com/,"13,695,936",Yes
Google Cloud,https://cloud.google.com/,"13,257,728",Yes
Microsoft Azure,https://azure.microsoft.com/,"12,175,189",
Tencent Cloud,https://intl.cloud.tencent.com/,"5,654,528",
IBM Cloud,https://www.ibm.com/cloud,"4,841,056",
OVH,http://www.ovh.com/,"4,391,328",Yes
"Digital Ocean, Inc",https://www.digitalocean.com/,"3,003,920",Yes
Hetzner Online,https://www.hetzner.com/,"2,644,890",Yes
"Rackspace, Inc.",https://www.rackspace.com/,"2,178,902",
CloudFlare Inc,https://www.cloudflare.com/,"1,801,984",Yes
Aptum Technologies,https://aptum.com/,"1,786,472",
Energy Group Networks,https://egihosting.com/,"1,500,440",
Ubiquity Hosting,https://www.ubiquityhosting.com/,"1,443,840",Yes
Verizon Communications Inc.,http://www.verizon.com/,"1,441,792",
Oracle Cloud,https://www.oracle.com/cloud/,"1,183,744",
"GoDaddy Operating Company, LLC.",https://www.godaddy.com/,"1,024,516",Yes
Yahoo! Inc.,http://www.yahoo-inc.com/,"921,904",Yes
PlusServer GmbH,https://www.plusserver.com/,"906,240",
Huawei Cloud Service,https://www.huaweicloud.com/,"888,064",
Internap Corporation,http://www.internap.com/,"866,520",Yes
21vianet,http://www.21vianet.com/,"794,624",Yes
"Choopa, LLC.",https://www.choopa.com/,"786,184",Yes
LeaseWeb,https://www.leaseweb.com/,"731,932",Yes
ColoCrossing,https://www.colocrossing.com/,"727,492",Yes
Linode,https://www.linode.com/,"703,487",Yes
Enzu Inc.,https://www.enzu.com/,"674,816",Yes
Google,https://www.google.com/,"674,440",Yes
Psychz Networks,https://www.psychz.net/,"640,000",
Sakura Internet Inc.,http://www.sakura.ne.jp/,"633,600",Yes
Host Europe,https://www.hosteurope.de/,"621,665",Yes
Online SAS (Scaleway),https://www.scaleway.com/,"590,848",Yes
Fiber Grid Inc,https://fibergrid.eu/,"574,976",
Bluehost Inc.,https://www.bluehost.com/,"567,296",
1&1 Internet,http://www.1and1.com/,"510,208",Yes
ServerHub,https://www.serverhub.com/,"509,952",Yes
ServerMania Inc.,https://www.servermania.com/,"480,816",
"Zoom Video Communications, Inc.",https://zoom.us/,"451,584",
UCloud,https://www.ucloud.cn/,"430,848",
"Cologix, Inc.",http://www.cologix.com/,"425,984",
LogicWeb Inc.,https://www.logicweb.com/,"418,816",
Heficed,https://www.heficed.com/,"394,436",
Vultr Holdings LLC,https://www.vultr.com/,"381,600",
Contabo GmbH,https://contabo.de/,"380,928",Yes
Hurricane Electic,http://www.he.net/,"363,776",Yes
"CoreSpace,Inc.",https://corespace.com/,"353,280",
"Micfo, LLC",https://www.micfo.com/,"343,808",
FDC Servers,https://www.fdcservers.net/,"335,872",Yes
Locaweb Serviços de Internet S/A,http://www.locaweb.com.br/,"303,104",
SingleHop,https://www.singlehop.com/,"298,992",
Hostwinds.com,https://www.hostwinds.com/,"292,864",Yes
GoGrid,https://www.datapipe.com/gogrid/,"291,584",
NAVER Corp,https://www.navercorp.com/,"284,672",
Aruba S.p.a,https://www.aruba.it/,"284,192",Yes
"Quadranet, Inc",https://www.quadranet.com/,"282,624",Yes
HostMySite.com,http://www.webmysite.com/,"280,320",
Baidu Inc.,http://www.baidu.com/,"277,513",
iWeb Technologies Inc.,https://iweb.com/,"258,308",
Yandex Llc.,https://www.yandex.com/,"245,578",Yes
It7 Networks Inc,https://www.it7.net/,"244,224",Yes
M247 Ltd,https://m247.com/,"237,761",Yes
Fortress Integrated Technologies,https://www.dedicatednow.com/,"237,568",
"Imperva, Inc.",https://www.imperva.com/,"228,096",
KW Datacenter CA,http://www.kwdatacentre.com/,"220,160",Yes
Yahoo! JAPAN,https://about.yahoo.co.jp/,"218,880",
DediPath,https://dedipath.com/,"211,440",
Hostway,https://hostway.com/,"210,944",
Krypt,https://www.krypt.com/,"208,896",
home.pl S.A.,https://home.pl/,"204,064",Yes
sPD Hosting LTD.,https://www.spd.co.il/,"203,236",
latisys,http://www.latisys.com/,"202,752",
GHOSTnet GmbH,http://www.ghostnet.de/,"202,494",
Daou Technology,http://www.daouidc.com/,"197,632",
"Meta, Inc. (formerly Facebook, Inc.)",http://meta.com/,"192,832",Yes
Liquid Web,https://www.liquidweb.com/,"192,512",
WebsiteWelcome.com,http://www.websitewelcome.com/,"192,512",
Pair Networks,http://www.pair.com/,"188,416",
Zenlayer,https://www.zenlayer.com/,"186,756",
Input Output Flood LLC,https://ioflood.com/,"186,368",
Claranet limited,https://www.claranet.com/,"183,847",
"Equinix, Inc.",http://www.equinix.com/,"182,524",Yes
MULTACOM Inc.,http://multacom.com/,"181,248",
Layered Technologies Inc,http://www.layeredtech.com/,"178,176",
"Phoenix NAP, LLC",https://phoenixnap.com/,"176,144",
Savvis,http://www.savvis.net/,"176,128",
Strato AG,https://www.strato.de/,"175,616",
"Fastly, Inc.",https://www.fastly.com/,"174,080",
ServerCentral,http://www.servercentral.net/,"172,032",
Dreamhost,https://www.dreamhost.com/,"167,944",Yes
IP Exchange GmbH,http://www.ip-exchange.de/,"165,376",
ServiHosting Networks S.L.,http://servihosting.es/,"163,840",
Peak10,http://www.peak10.com/,"155,912",
"Newtek Technology Solutions, Inc",https://www.newtekwebhosting.com/,"155,648",
Fasthosts Internet Ltd,https://www.fasthosts.co.uk/,"152,864",Yes
Datapipe,http://www.datapipe.com/,"151,040",
xservers.ro,http://www.xservers.ro/,"150,528",
"Gmo Internet, Inc",https://www.gmo.jp/,"148,992",Yes
American Internet Services,http://americanis.net/,"147,456",
GZ Systems (PureVPN),https://www.purevpn.com/,"146,166",
hosting.ua,http://hosting.ua/,"144,384",
Colocation America Inc,http://www.colocationamerica.com/,"143,360",
"HostStore, Inc.",http://www.hoststore.com/,"143,360",
"Wholesale Internet, Inc",https://www.wholesaleinternet.net/,"141,312",
"Zscaler, Inc.",https://www.zscaler.com/,"140,032",
colo4dallas.com,http://colo4dallas.com/,"138,752",
LayerHost.com,https://www.layerhost.com/,"135,488",
XT Global Networks LTD,http://www.xtglobal.vg/,"133,816",
Transip Bv.,https://www.transip.eu/,"133,248",Yes
1000dedi.net,http://www.1000dedi.net/,"131,072",
Webair Internet Development Inc,https://www.webair.com/,"126,976",
G-Core Labs S.A.,https://gcorelabs.com/,"124,448",Yes
Optimate Server,http://optimate-server.de/,"122,880",
Redstation Limited,http://redstation.com/,"121,535",Yes
Selectel Ltd.,https://selectel.ru/,"121,072",
Sharktech Inc.,https://sharktech.net/,"120,832",Yes
The Endurance International Group Inc,http://www.enduranceinternational.com/,"116,544",
Web2Objects GmbH,http://web2objects.com/,"113,664",
DataCamp Limited,https://datacamp.co.uk/,"113,053",Yes
Steadfast,https://www.steadfast.net/,"112,640",
"Stackpath, LLC",https://www.stackpath.com/,"112,304",
kinx.net,https://www.kinx.net/,"110,592",
trueserver.nl,http://trueserver.nl/,"109,824",
myLoc,https://www.myloc.de/,"107,121",Yes
Media Temple,https://mediatemple.net/,"106,608",
"LightEdge Solutions, Inc.",https://www.lightedge.com/,"106,497",
cari.net,http://cari.net/,"106,496",
iomart Hosting Ltd,http://www.rapidswitch.com/,"105,728",
Xneelo (Pty) Ltd,https://www.xneelo.com/,"105,472",
HopOne,http://www.hopone.net/,"102,400",
Mail.ru Llc,https://corp.mail.ru/,"102,400",Yes
accelerated.de,http://accelerated.de/,"99,840",
BuyVM (frantech),https://buyvm.net/,"98,304",Yes
Nazwa.pl Sp.z.o.o,https://www.nazwa.pl/,"98,304",
Voxel,http://www.voxel.net/,"97,535",
root S.A.,http://www.site.lu/,"94,720",
WebNX Inc.,https://webnx.com/,"94,384",
Limestone Networks,https://www.limestonenetworks.com/,"91,500",Yes
CASABLANCA INT a.s.,https://www.casablanca.cz/,"91,152",
"TierPoint, LLC",http://www.tierpoint.com/,"91,136",
Radore Hosting,http://radore.com/,"90,112",
Performive LLC,https://performive.com/,"88,832",Yes
Canaca-com Inc.,http://canaca.com,"86,016",
NetworkLayer Technologies,http://networklayertech.net/,"86,016",
"Nexeon Technologies, Inc",https://nexeon.com/,"86,016",Yes
THG company,https://www.thgingenuity.com/,"84,952",
Limelight Networks Inc,http://www.limelight.com/,"84,480",
XLHost.com Inc,https://www.xlhost.com/,"84,480",
Hivelocity Hosting,https://www.hivelocity.net/,"84,225",
"A2 Hosting, Inc.",https://www.a2hosting.com/,"81,664",
LinkedIn Inc.,http://www.linkedin.com/,"80,896",Yes
Peak Web Hosting,http://www.peakwebhosting.com/,"80,384",
Internet Vikings AB,https://internetvikings.com/,"79,752",
demos,http://demos.ru/,"78,592",
BlueConnex,http://www.simplytransit.net/,"78,080",
Masterhost.ru,https://masterhost.ru/,"78,080",
"INMOTION HOSTING, INC.",https://www.inmotionhosting.com/,"77,800",
ANEXIA Internetdienstleistungs GmbH,https://www.anexia.com/,"76,864",Yes
VersaWeb,https://versaweb.com/,"73,984",Yes
Data 102,http://data102.com/,"73,728",
Datapoint,http://www.datapointinc.com/,"73,728",
panamaserver.com,http://panamaserver.com/,"72,960",
Webcentral Pty Ltd,https://www.webcentral.com.au/,"71,680",
"Interserver, Inc.",https://www.interserver.net/,"70,672",
"Green House Data, Inc",https://www.greenhousedata.com/,"70,656",
ServInt,http://www.servint.net/,"70,656",
UK2 Group,https://www.uk2group.com/,"69,904",
MojoHost,http://www.mojohost.com,"69,632",
Krakowskie e-Centrum Informatyczne,https://www.kei.pl/,"67,584",
Powerhouse Management,https://www.phmgmt.com/,"66,048",
xTom GmbH,https://xtom.com/,"65,664",
Cisco,https://www.cisco.com/,"65,536",
Google,https://www.google.com/,"65,536",Yes
LogicWeb Inc.,https://www.logicweb.com/,"65,536",
Star-Hosting e.K.,http://star-hosting.de/,"65,536",
WebARENA,https://web.arena.ne.jp/,"65,536",
Razor,http://www.razorservers.com/,"63,488",
LINK11 Gmbh,http://www.link11.de/,"61,440",
"Nodes Direct Holdings, LLC",http://www.nodesdirect.com/,"61,440",
Portlane,http://www.portlane.com/,"61,440",Yes
"Servers.com, Inc",https://www.servers.com/,"61,440",
domainfactory GmbH,https://www.df.eu/,"61,312",Yes
Gorilla Servers,https://www.gorillaservers.com/,"60,416",
acens Technologies,http://www.acens.com/,"59,392",
"QuickPacket, LLC",https://www.quickpacket.com/,"58,880",
FirstVDS,https://firstvds.ru/,"58,370",Yes
netcup GmbH,https://www.netcup.de/,"58,368",Yes
Tsohost,https://www.tsohost.com/,"58,368",Yes
KnownHost LLC,https://www.knownhost.com/,"58,159",
Arsys internet S.L.,https://www.arsys.es/,"58,040",
cyberwurx.com,https://cyberwurx.com/,"57,344",
K&k Corporation Ltd,http://www.kandk.co.jp/,"56,344",
Hostinger,http://www.hostinger.com/,"55,551",Yes
Servers Australia,https://www.serversaustralia.com.au/,"54,527",Yes
DimeNOC,http://dimenoc.com/,"53,248",
Handy Networks LLC,https://www.handynetworks.com/,"53,248",Yes
Jumpline Inc,http://www.jumpline.com/,"53,248",
thorn.net,http://www.thorn.net/,"53,248",
NFOrce Entertainment B.V.,https://www.nforce.com/,"52,806",
RamNode LLC,http://www.ramnode.com/,"52,224",Yes
Staminus Communications,http://staminus.net/,"52,224",
Hydra Communications Ltd.,https://zare.com/,"51,872",
GigeNET,https://www.gigenet.com/,"51,718",
TE Bilişim,http://www.tebilisim.com/,"50,432",
simcentric,http://simcentric.com/,"50,176",
KEYWEB AG,https://www.keyweb.de/,"49,696",Yes
Reliable Hosting,http://reliablehosting.com/,"48,704",
UK Dedicated Servers LTD,https://www.ukservers.com/,"48,136",Yes
UpCloud,https://www.upcloud.com/,"47,104",Yes
EasyHost BVBA,http://www.easyhost.be/,"46,112",
"IPC (IP Converge Data Services, Inc.)",https://www.ipc.ph/,"46,080",
SYN LTD.,https://syn.one/,"45,824",Yes
Gandi SAS,https://www.gandi.net/,"45,568",Yes
KVC Hosting LLC,https://www.kvchosting.net/,"45,568",
ColoStore,http://colostore.com/,"45,056",
Oz Servers Pty Ltd.,https://www.ozservers.com.au/,"45,056",
Pulsant Ltd,https://www.pulsant.com/,"45,056",Yes
Bytemark Limited,https://www.bytemark.co.uk/,"44,848",Yes
Ikoula Sas,https://www.ikoula.com/,"44,255",
Incero LLC.,https://www.incero.com/,"44,032",Yes
wiredtree,http://www.wiredtree.com/,"44,032",
Afrihost (Pty) Ltd,https://www.afrihost.com/,"42,752",
BlazingSEO,https://blazingseollc.com/,"42,240",
Solar VPS LLC,http://www.solarvps.com/,"42,240",
Crucial Paradigm Pty. Ltd,http://www.crucialp.com/,"41,984",
Ecritel,http://www.ecritel.fr/,"41,984",
Nano IT SIA,https://www.nano.lv/,"41,984",Yes
Cloud South,http://www.cloudsouth.com/,"41,472",
First Colo GmbH,https://www.first-colo.net/,"41,216",
NYI,https://www.nyi.net/,"41,216",
"Web.com, Inc",http://www.web.com/,"40,962",
Lunar Pages,http://www.lunarpages.com/,"40,960",
Netelligent,http://www.netelligent.ca/en/ca,"40,960",
Unbelievable Machine,http://www.unbelievable-machine.com/,"40,960",
avantehosting.net,https://avantehosting.net/,"39,936",
Master Internet,https://www.master.cz/,"39,936",Yes
TimeWeb Co. LTD,https://timeweb.com/,"39,936",Yes
Gyron Internet Ltd,https://www.gyron.net/,"39,424",
Infobox,https://infobox.ru/,"38,912",
"Packet Host, Inc.",https://www.packet.com/,"38,144",
Joyent Inc.,https://www.joyent.com/,"37,888",
SWITCH Communications Group LLC,http://www.switchnap.com/,"37,888",
ISPpro Internet KG,http://isppro.de/,"37,248",Yes
Reflected Networks,http://reflected.net/,"37,164",
Carat Networks,http://www.caratnetworks.com/,"36,864",
Cyberverse,http://www.cyberverse.com/,"36,864",
westhost,http://www.westhost.com/,"36,864",
velia.net Internetdienste GmbH,https://www.velia.net/,"36,618",
"Vivid-Hosting, LLC",https://vivid-hosting.net/,"35,840",
Netinternet Bilisim Teknolojileri AS,https://www.netinternet.com.tr/,"35,328",
Seeweb S.r.l,https://www.seeweb.it/,"34,920",Yes
Voxility,https://www.voxility.com/,"34,912",
Atlantic Metro,https://www.atlanticmetro.net/,"34,816",
Turnkey Internet,https://turnkeyinternet.net/,"34,816",Yes
iomart Group plc,http://www.iomart.com/,"34,352",
"Nexcess.Net, LLC",https://www.nexcess.net/,"34,304",
Datasoft Networks Inc.,http://datasoft.ws/,"34,048",
HostRoyale Technologies Pvt Ltd,https://www.hostroyale.com/,"34,048",Yes
"HostDime.com, Inc.",https://www.hostdime.com/,"33,800",
prolocation.net,https://prolocation.net/,"33,784",Yes
AdvancedHosters,https://advancedhosters.com/,"32,768",
"Bigtip, Inc",http://www.bigtip.com/,"32,768",
Data Foundry,http://www.datafoundry.com/,"32,768",
datahouse.nl,http://datahouse.nl/,"32,768",
EdgeUno Inc.,https://edgeuno.com/,"32,768",
Global Data Service JSC,http://www.gds.vn/,"32,768",
"High Speed Web, Inc.",http://www.highspeedweb.net/,"32,768",
i3d.net,http://i3d.net/,"32,768",
ipHouse,http://www.iphouse.com/,"32,768",
"Line Corporation, Ltd.",http://line.me/,"32,768",
LogicWorks,http://www.logicworks.net/,"32,768",
Netgroup Denmark,https://www.netgroup.dk/,"32,768",
netriplex,http://www.netriplex.com/,"32,768",
"Packetexchange, Inc",https://packetexchange.eu/,"32,768",
Servercentric,http://servecentric.com/,"32,768",
Take 2 Hosting,http://www.take2hosting.com/,"32,768",
travailsystems.com,http://travailsystems.com/,"32,768",
VPLS,https://www.vpls.com/,"32,768",
webvisions.com,http://webvisions.com/,"32,768",
Core-Backbone GmbH,http://www.core-backbone.com/,"32,512",Yes
EDIS GmbH,http://www.edis.at/,"31,778",Yes
Easyspace Ltd,https://www.easyspace.com/,"30,831",Yes
Codero,http://www.codero.com/,"30,720",
Missdomain Group AB,https://www.missgroup.com/,"30,041",
availo.no,http://www.availo.no/,"29,952",
ITL Group,https://itldc.com/,"29,824",Yes
Landis Holdings Inc.,https://www.jaguarpc.com/,"29,696",
Volume Drive,http://volumedrive.com/,"29,440",
Grid Telekom,http://grid.com.tr/,"28,928",
SuperNetwork s.r.o.,https://www.superhosting.cz/,"28,928",
Tagadab Ltd.,http://www.tagadab.com/,"28,696",Yes
ASERGO,https://asergo.com/,"28,672",Yes
Broadriver Inc.,http://www.broadriver.com/,"28,672",
Host Department LLC,http://www.hostdepartment.com/,"28,672",
Perfect IP,http://www.perfectip.net/,"28,672",
Virtacore Systems,http://www.virtacore.com/,"28,672",
CtrlS,http://www.ctrls.in/,"28,671",
AVAST,https://www.avast.com/,"28,372",
AltusHost B.V.,http://www.altushost.com/,"28,116",
AltusHost B.V.,https://www.altushost.com/,"28,116",
Infomaniak Network SA,https://www.infomaniak.com/,"27,808",
Continuum Data Centers,http://www.continuumdatacenters.com/,"27,648",
Dedicated Servers,http://dedicatedservers.net.au/,"27,648",
Omnilance Ltd.,http://www.omnilance.com/,"27,136",Yes
WorldStream,https://www.worldstream.nl/,"27,136",
basefarm.com,http://basefarm.com/,"26,880",
IBM,https://www.ibm.com/,"26,880",Yes
Silicon Valley Web Hosting,http://www.svwh.net/,"26,624",
CloudVPS (XLS Hosting),http://www.cloudvps.com/,"25,967",
Combell,http://www.combell.com/,"25,856",
"Strong Technology, LLC",https://strongtechnology.net/,"25,856",
Vpsquan,http://www.vpsquan.com/,"25,688",
Beyond.pl,https://www.beyond.pl/,"25,652",Yes
GloboTech Communications,https://www.globo.tech/,"25,600",Yes
J2 Australia Hosting Pty Ltd,https://www.web24.com.au/,"25,600",
23Media,http://www.23media.eu/,"24,576",
Cybercon,http://www.cybercon.com/,"24,576",
Hostirian,https://www.hostirian.com/,"24,576",
KingHost Hospedagem de Sites Ltda.,https://www.kinghost.com.br/,"24,576",Yes
RackForce,http://www.rockforce.com/,"24,576",
Shinjiru Technology Sdn Bhd,https://www.shinjiru.com.my/,"24,576",
"CLARA ONLINE, Inc.",https://www.clara.jp/,"24,384",
"JoeS Datacenter, LLC",https://joesdatacenter.com/,"23,552",
Digital Network JSC,http://www.di-net.ru/,"23,296",
Clouvider Ltd,https://www.clouvider.com/,"22,939",
Clouvider Ltd.,https://www.clouvider.com/,"22,939",
ZOMRO B.V.,https://zomro.net/,"22,782",
meerfarbig GmbH & Co. KG,https://meerfarbig.io/,"22,704",
Private Layer INC,https://privatelayer.com/,"22,528",Yes
Micron21,http://www.micron21.com/,"22,526",
Opera Software AS,http://www.operasoftware.com/,"21,800",Yes
"Wow Technologies, Inc.",http://wowrack.com/,"21,760",Yes
hostnet.nl,https://www.hostnet.nl/,"21,504",
Marosnet,https://marosnet.ru/,"20,992",
Mittwald,https://www.mittwald.de/,"20,992",
Swiftway,https://www.swiftway.net/,"20,592",Yes
serverboost.nl,http://serverboost.nl/,"20,544",
AIT,https://www.ait.com/,"20,480",
ethr.net,http://ethr.net/,"20,480",
Gearhost,http://www.gearhost.com/,"20,480",
ReliableSite.Net LLC,https://www.reliablesite.net/,"20,480",Yes
SunnyVision Limited.,http://www.sunnyvision.com/,"20,480",
"Namecheap, Inc.",https://www.namecheap.com/,"20,441",
DeltaHost,https://deltahost.com/,"20,224",
Trabia Network,https://www.trabia.com/,"20,224",Yes
PCextreme B.V.,https://www.pcextreme.nl/,"20,128",Yes
Hqhost.net,http://hqhost.net/en/index.html,"19,712",
colocall.net,http://colocall.net/,"19,456",
Reg.ru,https://www.reg.ru/,"19,456",Yes
"Internet Cz, a.s",https://www.forpsi.com/,"19,264",
"Automattic, Inc.",https://automattic.com/,"18,986",
EZZI.net,https://www.ezzi.net/,"18,960",
LiteServer B.V.,https://liteserver.nl/,"18,877",
mchost.ru,https://mchost.ru/,"18,688",
Melbicom,https://melbicom.net/,"18,688",Yes
Dunkel GmbH,https://dunkel.de/,"18,656",
awknet,http://awknet.com/,"18,432",
dinahosting,https://en.dinahosting.com/,"18,432",
nine.ch,http://nine.ch/,"18,432",
Rackvibe.com,http://www.rackvibe.com/,"18,432",
The Bunker,http://www.thebunker.net/,"18,432",
Web Werks,https://www.webwerks.in/,"18,430",
"Cloudroute, LLC",http://www.cloudroute.com/,"18,176",
HEKKO.PL,https://www.hekko.pl/,"18,176",Yes
GleSYS Internet Services AB,https://glesys.se/,"17,920",
Netrouting,https://www.netrouting.com/,"17,920",
ATM S.A.,http://www.atman.pl/,"17,824",Yes
Safenames Ltd.,https://safenames.net/,"17,696",
PatrikWeb,http://patrikweb.net/,"17,664",
ALL-INKL.COM,http://all-inkl.com/,"17,440",
ConnectingBytes Gbmh,http://www.connectingbytes.de/,"17,408",
PrivateSystems.net,http://privatesystems.net/,"17,408",
Digital Pacific,http://www.digitalpacific.com.au/,"16,896",
Vautron AG,http://www.vautron.de/,"16,896",
Yghost Inc,http://www.yghost.com/,"16,896",Yes
"Code200, UAB",https://www.code200.global/,"16,696",
"Wedos Internet, a.s",http://www.wedos.com/,"16,672",Yes
DONWEB (Dattatec.com SRL),http://donweb.com/,"16,640",Yes
ihc.ru,https://www.ihc.ru/,"16,640",
PacketHub S.A.,https://www.packethub.net/,"16,472",
rh-tec Business GmbH,http://rh-tec.de/,"16,432",
Rusonyx Ltd.,https://www.rusonyx.ru/,"16,385",
Snel.com B.V.,https://www.snel.com/,"16,385",Yes
1blu.de,http://www.1blu.de/,"16,384",
AccelerateBiz Inc.,http://www.acceleratebiz.com/,"16,384",
"AppNexus, Inc",https://www.appnexus.com/,"16,384",
BurstNET,http://burst.net/,"16,384",
CloudatCost,https://cloudatcost.com/,"16,384",
Colomx Llc,http://colo.mx/,"16,384",
"CORE TECHNOLOGIES SERVICES, INC.",http://www.coreitx.com/,"16,384",
DedFiberCo,http://dedfiber.com/,"16,384",
eUKhost,http://www.eukhost.com/,"16,384",
"EZ Web Hosting, Inc.",http://www.ez-web-hosting.com/,"16,384",
Hosting Concepts,http://hosting-concepts.nl/,"16,384",
KLAYER LLC,http://www.klayer.com/,"16,384",
myLoc,https://www.myloc.de/,"16,384",Yes
Netclusive GmbH,https://www.netclusive.de/,"16,384",
Ningxia Western Cloud Data Technology Co. Ltd.,http://www.nwcdcloud.cn/,"16,384",
Premia Networks Corporation,http://www.premianet.com/,"16,384",
QTS,http://www.qtsdatacenters.com/,"16,384",
Roya Hosting,http://www.royahosting.com/,"16,384",
Secure Private Network,http://www.securedprivatenetwork.net/,"16,384",
ServerBeach Dedicated Servers,http://www.serverbeach.com/,"16,384",
SV COLO,http://www.svcolo.com/,"16,384",Yes
Techie Media,http://techiemedia.net/,"16,384",
Virpus Networks,http://myvirpus.com/,"16,384",
Volico,http://www.volico.com/,"16,384",
Webhosting.net,http://www.webhosting.net/,"16,384",
HostKey,http://hostkey.com/,"15,872",
Magic Online,https://www.magic.fr/,"15,616",
colo@,http://www.coloat.com/,"15,360",
"Host Virtual, Inc",https://www.hostvirtual.com/,"15,360",Yes
Serveriai.lt,https://www.serveriai.lt/,"15,360",Yes
MSERWIS,https://www.mserwis.pl/,"15,152",Yes
Fine Group Servers LLC,https://finegroupservers.com/,"15,104",
Host-it,http://www.host-it.co.uk/,"15,104",
Flexwebhosting BV,https://www.flexwebhosting.nl/,"14,848",
Loopia AB,https://www.loopia.se/,"14,848",Yes
"A Small Orange, LLC.",https://asmallorange.com/,"14,766",
Panq BV,https://www.panq.nl/,"14,592",
Vorboss Limited,https://vorboss.com/,"14,592",
Fiber Hub Inc,https://www.fiberhub.com/,"14,336",
Titan Internet Ltd,http://www.titaninternet.co.uk/index.cfm,"14,336",
Tsukaeru.net,https://www.tsukaeru.net/,"14,336",
Confluence Networks Inc,http://confluence-networks.com/,"13,864",
Hosthatch Inc.,https://hosthatch.com/,"13,824",
VNET a.s.,https://www.vnet.sk/,"13,761",
Njalla (1337 Services LLC),https://njal.la/,"13,568",
XMission,http://xmission.com/,"13,568",
Site5.com LLC,http://www.site5.com/,"13,555",
Venyu Solutions Inc.,http://venyu.com/,"13,320",
Fastmetrics,http://fastmetrics.com/,"13,312",
Future Hosting Inc,http://vpsdatacenter.com/,"13,312",
HostRocket,http://www.hostrocket.com/,"13,312",
ihnetworks.net,http://ihnetworks.net/,"13,312",
Uniserver NL,https://www.uniserver.nl/,"13,312",
VPSCheap.NET,https://www.vpscheap.net/,"13,312",Yes
Bradler & Krantz GmbH & Co KG,https://www.providerdienste.de/,"13,096",
Caronet,https://www.caro.net/,"13,056",
"Fork Networking, Inc.",http://www.forked.net/,"13,056",Yes
nedzone.nl,https://www.nedzone.nl/,"12,800",
Slask Data Center PL,https://sldc.eu/,"12,800",
Servage GmbH,http://www.servage.net/,"12,608",
City Network Hosting AB,https://www.citynetwork.se/,"12,560",
BaCloud.com,https://www.bacloud.com/,"12,544",
"IGNUM, s.r.o.",https://www.ignum.cz/,"12,544",Yes
"US Dedicated, LLC.",https://dedicated.com/,"12,544",Yes
Xtraordinary Networks Limited,http://xtrahost.co.uk/,"12,544",
Coolhousing.net,https://www.coolhousing.net/,"12,304",Yes
"Centrilogic, Inc",http://www.centrilogic.com/,"12,296",
4rweb.com,http://4rweb.com/,"12,288",
Acenet,http://www.ace-host.net/,"12,288",
ActiveHost,http://www.activehost.com/,"12,288",
Atjeu Publishing LLC,http://www.atjeu.com/,"12,288",
Blackboard Inc.,http://www.blackboard.com/,"12,288",
CAT data center,http://www.idc.cattelecom.com/,"12,288",
China Telecom Americas,https://www.ctamericas.com/,"12,288",
DHH.si d.o.o.,https://dhh.si/,"12,288",
Edgewebhosting,http://www.edgewebhosting.net/,"12,288",
"Fevvo, Inc.",http://fevvo.com/,"12,288",
Host Depot,http://www.hostdepot.com/,"12,288",
inline.de,http://www.inline.de/,"12,288",
"Majestic Hosting Solutions, LLC",https://www.spinservers.com/,"12,288",
My-Tec.bz,http://my-tec.bz/,"12,288",
prioritycolo.com,http://prioritycolo.com/,"12,288",
redehost.com.br,http://www.redehost.com.br/,"12,288",
ServerSpace Limited,http://www.serverspace.co.uk/,"12,288",Yes
Tailor Made Servers,http://tailoredservers.com/,"12,288",
"Tzulo, Inc.",http://www.tzulo.com/,"12,288",
"Verisign, Inc.",http://www.verisign.com/,"12,288",
YourColo,http://yourcolo.com/,"12,288",
BeGet Ltd,https://beget.com/,"12,032",
Biznes-Host.pl,https://biznes-host.pl/,"12,032",
nic.at GmbH,https://www.nic.at/,"12,032",
mirohost.net,http://mirohost.net/,"11,776",
Gigas Hosting S.A.,https://gigas.com/,"11,520",
Servinus,https://serverius.net/,"11,520",Yes
VDSina.ru,https://vdsina.ru/,"11,520",
ndchost.com,http://www.ndchost.com/,"11,264",
TeraGo Networks,http://www.datacenterscanada.com/,"11,264",
VSHosting s.r.o.,https://www.vshosting.cz/,"11,264",Yes
YesUp,http://www.yesuphost.com/,"11,264",
Zoho Corporation Pvt. Ltd.,https://www.zohocorp.com/,"11,264",
Qhoster Ltd,https://www.qhoster.com/,"10,840",
HostGator.com LLC,http://www.hostgator.com/,"10,815",
Speedbone Gmbh,https://www.speedbone.de/,"10,769",
2dayhost.com,http://www.2dayhost.com/,"10,752",
DataNOC,https://www.datanoc.com/,"10,752",
Elvsoft,http://www.elvsoft.com/,"10,752",
Oktawave Sp. z o.o.,https://www.oktawave.com/,"10,752",
Oxilion BV,https://www.oxilion.nl/,"10,752",Yes
Redhosting B.V.,http://redhosting.nl/,"10,752",
Exabytes,https://www.exabytes.com/,"10,496",
Amanah Tech Inc,https://www.amanah.com/,"10,376",Yes
23VNet KFT,http://hostit.hu/,"10,240",
Alpha Mega Hosting,http://www.alphamegahosting.com/,"10,240",
Astutium Ltd,http://www.astutium.com/,"10,240",
eukhost.com,http://eukhost.com/,"10,240",
gorack.net,http://gorack.net/,"10,240",
Greatnet.de GmbH,https://www.greatnet.de/,"10,240",
LiquidNet Ltd,https://liquidnetltd.net/,"10,240",
Mxhost,https://www.mxhost.ro/,"10,240",
US Colo,http://uscolo.com/,"10,240",
Webalta,http://www.wahome.ru/,"10,240",
Datasource Ag,http://www.datasource.ch/,"9,984",
Virty.io,https://virty.io/,"9,984",
IS Group B.V.,https://www.is.nl/,"9,916",
Sprint S.A,https://www.sprintdatacenter.pl/,"9,856",Yes
CloudLix,http://www.duomenucentras.lt/,"9,728",
"DMIT, Inc.",https://www.dmit.io/,"9,728",
FirstHeberg,https://www.firstheberg.com/,"9,728",
Hosting Ukraine Ltd.,https://www.ukraine.com.ua/,"9,728",
HZ Hosting Ltd,https://www.hostzealot.com/,"9,728",Yes
NAV COMMUNICATIONS S.R.L.,https://www.nav.ro/,"9,728",
Kaspersky Lab,https://www.kaspersky.com/,"9,540",
"Webzilla, Inc.",https://webzilla.com/,"9,536",
FASTVPS Eesti OÜ,https://fastvps.ee/,"9,472",Yes
Maxihost LTDA,https://www.maxihost.com/,"9,472",
Tsohost,https://www.tsohost.com/,"9,344",Yes
SiteHost,https://sitehost.nz/,"9,280",
Blacknight Internet Solutions Ltd,https://www.blacknight.com/,"9,216",
Connectria,http://www.connectria.com/,"9,216",
eHostingUSA,http://ehostingusa.com/,"9,216",
H4Y Technologies LLC,https://www.h4y.us/,"9,216",
hoster.by,https://hoster.by/,"9,216",
infiumhost.com,http://infiumhost.com/,"9,216",
IQ PL Sp. z o.o.,https://www.iq.pl/,"9,216",
Neospire,http://www.neospire.net/,"9,216",
Opus Interactive,http://www.opusinteractive.com/,"9,216",
Server Axis,http://www.serveraxis.com/,"9,216",
Telegram Messenger LLP,https://telegram.org/,"9,216",
Virtual Systems Llc,https://vsys.host/,"9,216",
ViaWest,https://www.viawest.com/,"9,079",Yes
Forcepoint,https://www.forcepoint.com/,"8,960",
Criticalcase S.r.l,https://www.criticalcase.com/,"8,882",
Lancom Ltd,https://www.lancom.gr/,"8,824",
4D Data Centres Ltd.,https://www.4d-dc.com/,"8,819",
LWS,https://www.lws.fr/,"8,720",
H88 S.A.,https://www.h88.pl/,"8,704",
hostex.lt,http://hostex.lt/,"8,704",Yes
HostUS Solutions LLC,https://hostus.us/,"8,704",Yes
Solido Hosting A/S,http://solidohosting.com/,"8,704",
webexxpurts.com,http://webexxpurts.com/,"8,704",
THG company,https://www.thgingenuity.com/,"8,574",
3NT Solutions LLP,http://3nt.com/,"8,448",
AiNET,http://www.ai.net/,"8,448",
CH-Center,https://www.ch-center.com/,"8,448",
Memset Ltd,http://www.memset.com/,"8,448",
NetNation,http://www.netnation.com/,"8,448",
One.com,http://www.one.com/,"8,448",Yes
One.com,https://www.one.com/,"8,448",Yes
Root Level Technology,https://rootleveltech.com/,"8,391",
Cloudwatt,https://www.cloudwatt.com/,"8,328",
1-800-Hosting,http://www.800hosting.com/,"8,192",
amerinoc,https://www.amerinoc.com/,"8,192",
"BraveWay, LLC",https://www.braveway.com/,"8,192",
Brinkster Communications Corp.,http://www.brinkster.com/,"8,192",
Canada Web Hosting,http://www.canadawebhosting.com/,"8,192",
Colocity Pty Ltd,http://www.colocity.com/,"8,192",Yes
Contegix Llc.,http://www.contegix.com/,"8,192",Yes
D-hosting Germany,http://www.d-hosting.de/,"8,192",
DataCenter Finland Oy,https://www.datacenter.fi/,"8,192",
Datacenter Luxembourg,http://www.dclux.com/,"8,192",
DATASIX GmbH,http://www.datasix.at/,"8,192",Yes
DepoDataCenter,http://www.depo40.ru/,"8,192",
DirectSpace Networks,http://www.directspace.net/,"8,192",
Duocast,https://duocast.nl/,"8,192",Yes
EarthLink Cloud,http://www.earthlinkcloud.com/,"8,192",
EBOUNDHOST.com ADF,http://eboundhost.com/,"8,192",
EuroVPS,http://eurovps.com/,"8,192",
Fiber Server,https://www.fiberserver.net.tr/,"8,192",
Firstbyte,https://firstbyte.ru/,"8,192",Yes
Gigabit Hosting Sdn Bhd,https://thegigabit.com/,"8,192",
Hatteland,http://hatteland.com/,"8,192",
Hosting UK,http://hostinguk.net/,"8,192",
HostVentures,http://www.hostventures.com/,"8,192",
HyperVPN,http://www.hypervpn.com/,"8,192",
Indiana Data Center LLC,http://inddc.com/,"8,192",
Markum.net,https://www.markum.net/,"8,192",
"Net Data Centers, Inc.",http://www.netdatacenters.com/,"8,192",
NetEx Online Services,http://www.netfeed.com/,"8,192",
"Netfronts, Inc.",http://www.netfronts.com/,"8,192",
Netplus Communication,http://www.netplus.fr/,"8,192",
OppoBox LLC,https://www.oppobox.com/,"8,192",
pce-net,http://www.pce.de/,"8,192",
PQ.HOSTING,https://pq.hosting/,"8,192",
prq.se,http://prq.se/,"8,192",
"Red Hat, Inc.",https://www.redhat.com/,"8,192",
Siteserver,http://siteserver.net/,"8,192",
Thrust VPS,http://www.thrustvps.com/about/why-thrust/,"8,192",
Velocity Servers,http://www.velocity-servers.net/,"8,192",
Versia Ltd,https://www.vernet.lv/,"8,192",
WEB LLC,http://www.web.am/,"8,192",
WebControl GmbH,http://www.webcontrol.de/en/,"8,192",
Xiolink,http://xiolink.com/,"8,192",
YesHost.Ru,http://yeshost.ru/,"8,192",
Velocity Servers Inc,https://www.hudsonvalleyhost.com/,"8,008",
O.M.C. COMPUTERS,http://www.omc.co.il/,"7,936",
Data Space Sp. z o.o.,https://dataspace.pl/,"7,744",
PROMETEUS,http://www.prometeus.net/,"7,744",
Gossamer Threads Inc.,http://www.gossamer-threads.com/,"7,680",Yes
Qualityhosting Ag,https://www.qualityhosting.de/,"7,680",
RootNerds Pvt Ltd,https://rootnerds.com/,"7,680",
Shock Hosting LLC.,https://shockhosting.net/,"7,680",
Twitter Inc.,https://twitter.com/,"7,680",
Net Style Development Ltd,http://netstyleservers.com/,"7,552",
"Nodisto It, LLC",https://nodisto.com/,"7,552",
iDeal Hosting Ltd.,https://www.idealhosting.net.tr/,"7,474",
INOVENTICA,https://inoventica.ru/,"7,424",
Rapidseedbox Ltd.,https://www.rapidseedbox.com/,"7,424",Yes
TheHost,https://thehost.ua/,"7,424",
BODHost,http://bodhost.com/,"7,168",
"Cloud Builders, S.A.",https://www.interdominios.com/,"7,168",
"Database By Design, LLC",http://www.databasebydesignllc.com/,"7,168",
HugeServer,https://www.hugeserver.com/,"7,168",
Kharkov Server Ltd,https://xserver.ua/,"7,168",
MadeIT Inc,http://madeit.com/,"7,168",
Majordomo Llc,https://www.majordomo.ru/,"7,168",
Serverplan srl,https://www.serverplan.com/,"7,168",
Alfahosting,http://alfahosting.de/,"6,912",
hosteam.pl,https://hosteam.pl/,"6,912",Yes
DataClub,https://www.dataclub.eu/,"6,782",Yes
argeweb,http://www.argeweb.nl/,"6,656",
Astute Hosting Inc.,http://astutehosting.com/,"6,656",
BSB Service GmbH,http://www.synserver.de/,"6,656",
Cherry Servers,https://www.cherryservers.com/,"6,656",
eserver.ru,http://www.eserver.ru/,"6,656",
Heymman Servers,https://www.heymman.com/,"6,656",
Nucleus bvba,https://www.nucleus.be/,"6,656",
Global Layer B.V.,http://www.global-layer.com/,"6,599",
Global Secure Layer,https://globalsecurelayer.com/,"6,400",
justhost.in.ua,http://www.justhost.in.ua/,"6,400",
One Asia Host LLP,https://www.oneasiahost.com/,"6,400",Yes
Yourserver Sweden,https://www.yourserver.se/,"6,399",Yes
register.it,https://www.register.it/,"6,288",
CloudSigma Holding AG,https://www.cloudsigma.com/,"6,272",
Fornex Hosting S.l,https://fornex.com/,"6,272",
anyNode,https://anynode.net/,"6,144",
DiaHosting,https://www.diahosting.com/en/,"6,144",
Excellent Hosting Sweden AB,http://www.excellent-hosting.se/,"6,144",
FSdata,http://fsdata.se/,"6,144",
Global-e Datacenter B.V.,http://www.global-datacenter.nl,"6,144",
Internet Archive,http://www.archive.org/,"6,144",
LionLink Networks,https://www.lionlink.net/,"6,144",
natro.com,https://www.natro.com/,"6,144",
PlanetaHost,https://planetahost.ru/,"6,144",
qweb,http://www.qweb.nl/,"6,144",
Solar Communications Gmbh,https://solarcom.ch/,"6,144",
Superdata,http://superdata.vn/,"6,144",
TekTonic,http://www.tektonic.net/,"6,144",
Trader Soft Llc,https://simplecloud.ru/,"6,144",
XSServer GmbH,https://xsserver.eu/,"6,144",
Vpn Consumer Network Services,http://www.vpnconsumer.com/,"6,014",
Hispaweb Network,http://hispaweb.net/,"5,952",
Alexhost SRL,https://alexhost.com/,"5,888",
Esnet,https://www.vpsnet.com/,"5,888",Yes
IP ServerOne,http://ipserverone.com/,"5,888",
SeFlow s.n.c,http://www.seflow.net/,"5,888",
Szervernet,http://szervernet.hu/,"5,888",
AbeloHost B.V.,https://abelohost.com/,"5,632",
ServeTheWorld AS,https://servetheworld.net/,"5,632",
UDomain,https://www.udomain.hk/,"5,632",
vital_teknoloji,https://www.cloud.com.tr/,"5,632",
Xirra GmbH,http://www.xirra.net/,"5,424",
simpliq.com,http://www.simpliq.com/,"5,376",
SinaroHost LTD,https://sinaro.host/,"5,376",
Interxion,https://www.interxion.com/,"5,280",
AllHostShop.com,http://www.allhostshop.com/,"5,120",
AlniTech,https://alnitech.com/,"5,120",
Bhost Inc.,https://www.bhost.net/,"5,120",
Contel Ooo,http://www.contell.ru/,"5,120",
"Dc74, Llc",http://www.dc74.com/,"5,120",Yes
DFW Hosting Services,http://dfwhostingservices.com/,"5,120",
DigiCube,http://digicube.fr/,"5,120",
DigitalFyre Internet Solutions LLC.,https://www.digitalfyre.com/,"5,120",
Fluccs,https://www.fluccs.com.au/,"5,120",
"Github, Inc",https://github.com/about,"5,120",
Immedion,http://immedion.com/,"5,120",
ipglobe.net,https://www.ipglobe.net/,"5,120",
Kakao Corporation,http://www.kakaocorp.com/,"5,120",
King Servers B.V.,https://www.king-servers.com/,"5,120",Yes
Leapswitch Networks Pvt. Ltd.,https://leapswitch.com/,"5,120",
NetAngels,https://www.netangels.ru/,"5,120",
Obone Gmbh,http://www.obone.de/,"5,120",
Plutex,http://www.plutex.de/,"5,120",
rijndata.nl,http://rijndata.nl/,"5,120",
ServerStack Inc,https://www.serverstack.com/,"5,120",
Triple8 Network,http://888.net/,"5,120",
Uber Global Pty Ltd,https://www.uber.com.au/,"5,120",Yes
Web Hosting UK,http://www.webhosting.uk.com/,"5,120",
Web Werks,http://www.web-werks.com/,"5,120",
"AlmourolTec, Lda",https://ptisp.pt/,"5,056",Yes
Blix Solutions,https://www.blix.com/,"4,928",
Goscomb Technologies Ltd,http://www.goscomb.net/,"4,928",Yes
GlobalTeleHost Corp.,https://gthost.com/,"4,865",Yes
DirectVPS,https://www.directvps.nl/,"4,864",Yes
evanzo e-commerce GmbH,https://www.evanzo.de/,"4,864",
Intergrid Group Pty Ltd,https://intergrid.com.au/,"4,864",
ReadySpace,https://readyspace.com.hk/,"4,864",
Veesp,https://veesp.com/,"4,862",
DataLine Ltd.,https://www.dtln.ru/,"4,796",Yes
Zone Media OÜ,https://www.zone.ee/,"4,700",Yes
SuperHosting.BG Ltd.,https://www.superhosting.bg/,"4,672",
OneProvider,https://oneprovider.com/,"4,656",
"Prgmr.com, Inc",https://prgmr.com/,"4,640",
RackNation S.A,https://www.racknation.cr/,"4,640",
Axcelx Technologies LLC,https://www.axcelx.com/,"4,608",
Cloudi NextGen S.L.,https://clouding.io/,"4,608",
Criteo S.A.,https://www.criteo.com/,"4,608",
"HubSpot, Inc.",https://www.hubspot.com/,"4,608",
JustHost.ru,https://justhost.ru/,"4,608",
Privado Networks AG,https://privado.io/,"4,608",
raKdigital,http://www.rakdigital.co.uk/,"4,608",
SpaceWeb LLC,https://sweb.ru/,"4,608",Yes
Supernova s.r.l.,https://www.netsons.com/,"4,608",
Lightstorm Communications s.r.o.,http://www.lightstorm.sk/,"4,432",
ASNETID,http://as.net.id/,"4,352",
BlackMesh,http://www.blackmesh.com/,"4,352",
Friend Hosting,https://friendhosting.net/,"4,352",
Greenhost B.V.,https://greenhost.net/,"4,352",
IP-Projects GmbH & Co. KG,https://www.ip-projects.de/,"4,352",
MGNHost.ru,https://www.mgnhost.ru/,"4,352",
NetProtect,https://netprotect.com/,"4,352",
superhost.pl,http://superhost.pl/,"4,352",
Ecatel,http://ecatel.net/,"4,342",
"Wisconsin CyberLynk Network, Inc.",https://www.cyberlynk.net/,"4,288",
"Power Up Hosting, Inc.",https://poweruphosting.com/,"4,248",
webhoster.de,http://webhoster.de/,"4,224",
Hostpoint AG,https://www.hostpoint.ch/,"4,104",Yes
H1 Host,https://www.h1host.ru/,"4,097",
180Servers,http://www.180servers.com/,"4,096",
34Sp.com Ltd.,https://www.34sp.com/,"4,096",
ActiveCloud,https://www.active.by/,"4,096",
Agava Jsc,http://agava.ru/,"4,096",
Airnet,http://smartechcorp.net/,"4,096",
APYL Inc.,http://www.apyl.com/,"4,096",
Arvixe,http://www.arvixe.com/,"4,096",
BSO Network Inc.,https://www.bsonetwork.com/,"4,096",
"Certified Hosting, LLC",https://certifiedhosting.com/,"4,096",
Cirrus Tech Ltd,http://www.cirrushosting.com/,"4,096",
comvive.com,https://www.comvive.es/,"4,096",
Conetix,http://conetix.com.au/,"4,096",
Cyquator,http://cyquator.com/,"4,096",
Datotel,http://www.datotel.com/,"4,096",
dediserve Ltd,https://dediserve.com/,"4,096",Yes
"Distil, Inc",https://www.distilnetworks.com/,"4,096",
DME Hosting,http://www.dmehosting.com/,"4,096",
DNS Hosting,http://www.dnshosting.it/,"4,096",
dotster.com,http://www.dotster.com/,"4,096",
eSecureData,https://www.esecuredata.com/,"4,096",
"Fast Serv Networks, LLC",https://www.fastserv.com/,"4,096",Yes
Firehost,http://www.firehost.com/,"4,096",
Fujitsu Cloud,http://www.fujitsu.com/,"4,096",
Genious Communications,https://www.genious.net/,"4,096",
GoRack,http://www.gorack.net/,"4,096",
GPLHost,https://www.gplhost.com/,"4,096",
Hostbasket,http://www.hostbasket.com/en/,"4,096",
hosthane.com,http://www.hosthane.com/,"4,096",
hostiran.net,https://hostiran.net/,"4,096",
hostrevenda.com,http://hostrevenda.com/,"4,096",
"HostVenom, LLC.",https://hostvenom.com/,"4,096",
IMINGO,https://www.imingo.net/,"4,096",
Infium-1,http://infiumhost.com/,"4,096",
interhost,http://www.interhost.com/,"4,096",
ionity,http://ionity.com/,"4,096",
Local Dedicated,http://localdedicated.com/,"4,096",
ManagedWay,http://www.managedway.com/,"4,096",
MochaHost.com,https://mochahost.com/,"4,096",
My Server Planet Llc.,https://www.myserverplanet.com/,"4,096",
My247Webhosting Llc,http://www.my247webhosting.com/,"4,096",
nbiserv.de,http://nbiserv.de/,"4,096",
Oplink,https://oplink.net/,"4,096",
PROFITSERVER,https://profitserver.ru/,"4,096",
QWK.net,http://www.qwk.net/,"4,096",
rapidhost.co.uk,http://rapidhost.co.uk/,"4,096",
RapidSpeeds Servers LTD,http://rapidspeeds.com/,"4,096",
Rebel Hosting,http://www.rebelhosting.net/,"4,096",
Rimu Hosting,http://rimuhosting.com/,"4,096",
RisingNet,http://risingnet.net/,"4,096",
Safe Host SA,http://safehost.net/,"4,096",
"Sectorlink, LLC",https://www.sectorlink.com/,"4,096",
Secure Dragon LLC.,https://securedragon.net/,"4,096",Yes
ServerHouse Ltd,https://www.serverhouse.co.uk/,"4,096",Yes
servisweb,http://serveisweb.com/,"4,096",
Sprocket Networks,http://www.sprocketnetworks.com/,"4,096",
Teuno,http://www.teuno.com/,"4,096",
Tiscali Cloud,https://cloud.tiscali.it/,"4,096",
Tranquil Hosting,http://www.tqhosting.com/,"4,096",
TwooIT,http://www.twooit.de/,"4,096",
Usonyx Pte Ltd,https://usonyx.net/,"4,096",
Vidahost,https://www.vidahost.com/,"4,096",
vps.ua,http://vps.ua/,"4,096",
WEB4U s.r.o.,https://www.web4u.cz/,"4,096",Yes
Weservit B.V.,http://www.weservit.nl/,"4,096",Yes
x10hosting,http://x10hosting.com/,"4,096",
1gb.ru,https://www.1gb.ru/,"4,048",
HOSTING90 systems s.r.o.,https://www.hosting90.cz/,"4,008",Yes
Streamline Servers Ltd,https://streamline-servers.com/,"3,841",
MivoCloud S.R.L.,https://www.mivocloud.com/,"3,840",Yes
Unelink Telecom S.A.,https://www.unelink.es/,"3,840",
WebHS,https://www.webhs.pt/,"3,840",
ZAP-Hosting GmbH & Co. KG,https://zap-hosting.com/,"3,840",
Fusa Internet Services,http://fusa.be/,"3,776",
NewMedia Express Pte Ltd,https://www.newmediaexpress.com/,"3,776",
"1GServers, LLC",https://1gservers.com/,"3,584",
31173 Services AB,http://www.31173.se/,"3,584",
Atomohost,https://www.atomohost.com/,"3,584",
esds.co.in,http://www.esds.co.in/,"3,584",
Eurobyte LLC,https://eurobyte.ru/,"3,584",
Hornetsecurity GmbH,https://www.hornetsecurity.com/,"3,584",
Intelium Corp.,https://www.intelium.com/,"3,584",
OpenHosting UK Internet Solutions,http://openhosting.co.uk/,"3,584",
Unithost Internet B.V.,http://unithost.nl/,"3,584",
Unlimited Web Hosting Uk Ltd.,https://www.unlimitedwebhosting.co.uk/,"3,584",
Versio B.V,https://www.versio.nl/,"3,584",
Atlas Communications (Ni) Ltd,https://atlas-comms.com/,"3,502",
Adman,https://adman.com/,"3,328",
ENAHOST s.r.o.,https://www.enahost.com/,"3,328",
Hoster.KZ,https://hoster.kz/,"3,328",
hostpro.ua,http://hostpro.ua/,"3,328",
IsimTescil.net,http://www.isimtescil.net/,"3,328",
ServerClub Inc.,https://serverclub.com/,"3,328",Yes
Stone Internet Services BVBA,https://www.stone-is.com/,"3,328",
VooServers Ltd,https://www.vooservers.com/,"3,328",
VooServers Ltd.,https://www.vooservers.com/,"3,328",
Wikimedia Foundation Inc,https://wikimediafoundation.org/,"3,328",Yes
Zappie Host LLC,https://zappiehost.com/,"3,328",Yes
Hostiserver Ltd.,https://www.hostiserver.com/,"3,296",Yes
NordVPN,https://nordvpn.com/,"3,244",
BlazingFast,https://blazingfast.io/,"3,200",
Media-Hosts Inc.,https://www.media-hosts.com/,"3,200",
vpsFree.cz,https://vpsfree.cz/,"3,200",
E-Commerce Park N.V.,http://e-commercepark.com/,"3,112",
EUROHOSTER Ltd.,https://eurohoster.org/,"3,110",
Adix BV,https://www.adix.nl/,"3,072",
Alistaro,https://alistaro.ro/,"3,072",
Applied Operations,http://www.appliedops.net/,"3,072",
Datasfera,http://datasfera.com/,"3,072",
DC WEST,https://www.dcwest.net.au/,"3,072",Yes
Dediserv,http://www.dediserv.eu/,"3,072",
Dhosting.pl Sp. Z O.o,https://dhosting.pl/,"3,072",
EasyHost Solution Ltd,http://www.easyhost.com.hk/,"3,072",
esited.com,http://www.esited.com/,"3,072",
EstNOC OY,https://www.estnoc.ee/,"3,072",
Forta Trust,http://www.fortatrust.com/,"3,072",
FREEhost.com.ua,https://freehost.com.ua/,"3,072",
Geekion,http://geekion.com/,"3,072",
H5 Data Centers,https://h5datacenters.com/,"3,072",
Hosting Solutions Internationa,http://www.server4you.com/,"3,072",
IM Level 7 SRL,https://www.ihost.md/,"3,072",
interracks.com,http://interracks.com/,"3,072",
Mean Servers Limited,https://www.meanservers.com/,"3,072",
MicronHost,https://micronhost.com/,"3,072",
Netpoint Ltd,https://netpoint-dc.com/,"3,072",
Novatrend Services Gmbh,https://www.novatrend.ch/,"3,072",
PlanetHoster,http://www.planethoster.net/,"3,072",
PT. Master Web Network,http://www.masterweb.net/,"3,072",
Quasar Data Center,http://quasardata.com/,"3,072",
racksrv,http://www.racksrv.com/,"3,072",
SevenL Networks Inc,https://www.sevenl.net/,"3,072",
Sparkstation,http://sparkstation.net/,"3,072",
Sprinthost.ru,https://sprinthost.ru/,"3,072",
TerraHost AS,https://terrahost.no/,"3,072",Yes
TripAdvisor LLC,http://www.tripadvisor.com/,"3,072",
TrueVDS,http://www.truevds.ru/,"3,072",
uvensys GmbH,https://uvensys.de/,"3,072",
Webgo Gmbh,https://www.webgo.de/,"3,072",
OVPN Integritet AB,https://www.ovpn.com/en/tos,"3,024",
Mivitec GmbH,https://www.mivitec.de/,"3,022",
Comtrance Gmbh,http://www.comtrance.net/,"2,960",
ActiveWebs A/S,http://www.activewebs.dk/,"2,816",
F-Secure,https://www.f-secure.com/,"2,816",
Globalhost d.o.o.,https://www.global.ba/,"2,816",
Oy Creanova Hosting Solutions Ltd,https://creanova.org/,"2,816",Yes
Petersburg Internet Network ltd.,https://pinspb.ru/,"2,816",
Servtech Llc,https://serv-tech.ru/,"2,816",
Virtono Networks SRL,https://www.virtono.com/,"2,816",
Ransom IT,https://www.ransomit.com.au/,"2,811",Yes
iFasNet LTD,https://ifastnet.com/,"2,688",
nimbushosting.co.uk,http://nimbushosting.co.uk/,"2,687",
IPAX OG,https://www.ipax.at/,"2,675",Yes
Obenetwork AB,https://www.obenetwork.com/,"2,624",
Tier.Net,https://www.tier.net/,"2,592",Yes
Cloud Sync Inc,http://cloudsync.net/,"2,560",
crosspointcolo.co.uk,http://crosspointcolo.co.uk/,"2,560",
Hostglobal.plus Inc,https://hostglobal.plus/,"2,560",
HostingInside LTD.,https://hostinginside.com/,"2,560",
HostSailor,https://hostsailor.com/,"2,560",
İyi Bir Host,https://www.iyibirhost.com/,"2,560",
KoDDoS,https://koddos.net/,"2,560",
kylos.pl,http://www.kylos.pl/,"2,560",
Phpnet France Sarl,https://www.phpnet.org/,"2,560",
"PubMatic, Inc.",https://pubmatic.com/,"2,560",
"PulsePoint, Inc.",http://www.pulsepoint.com/,"2,560",
SoHosted,https://www.sohosted.com/,"2,560",
OrangeWebsite (IceNetworks Ltd.),https://www.orangewebsite.com/,"2,448",
PrivateVPN,https://privatevpn.com/,"2,432",
Host4Geeks LLC,https://host4geeks.com/,"2,336",
Surfshark Ltd.,https://surfshark.com/,"2,328",
"Ace Host, LLC",https://www.acehost.com/,"2,304",
Aguas del Colorado SAPEM,http://www.adc.net.ar/,"2,304",
argotel.ru,https://argotel.ru/,"2,304",
CISHost,https://www.cishost.ru/,"2,304",
Dassault Systèmes,http://www.3ds.com/,"2,304",
First Root UG,https://www.first-root.com/,"2,304",Yes
Gigahost ApS,https://gigahost.dk/en,"2,304",
Host Universal Pty Ltd,http://hostuniversal.com.au/,"2,304",Yes
Hyperhosting,https://www.hyperhosting.gr/,"2,304",
Inferno Solutions,http://inferno.name/,"2,304",
Next Connex Ltd.,http://www.nextconnex.com/,"2,304",
tilaa,http://www.tilaa.nl/,"2,304",
UAB Interneto vizija,https://www.iv.lt/,"2,304",
Ukrnames,https://www.ukrnames.com/,"2,304",
WhiteLabel IT Solutions,http://whitelabelitsolutions.com/,"2,304",
GINERNET SL,https://ginernet.com/,"2,264",
Cyberfuel,https://www.cyberfuel.com/,"2,176",
Planisys S.A.,http://www.planisys.com/,"2,176",
Profihost AG,https://www.profihost.com/,"2,144",
Springs Hosting,https://www.springshosting.com/,"2,144",
CUSTODIAN DC Ltd,https://www.custodiandc.com/,"2,097",Yes
Avguro Technologies Ltd,http://www.avguro.ru/,"2,080",
Coloclue,https://coloclue.net/,"2,080",
Simplercloud Pte Ltd,https://www.simplercloud.com/,"2,080",
1984 ehf.,https://www.1984.is/,"2,048",
A1 Hosting,https://www.a1.bg/a1-hosting,"2,048",
abdicar.com,http://abdicar.com/,"2,048",
Angel Hosting,http://www.angel-hosting.cz/,"2,048",
Argon Data Communication,https://www.argonhost.com/,"2,048",
Atlassian,https://www.atlassian.com/,"2,048",
Bilrom,http://bilrom.com/,"2,048",
Braslink Network Inc,http://www.braslink.com/,"2,048",
City Lifeline Data Centre,http://www.city-lifeline.co.uk/,"2,048",
ColoCAT,http://colocat.ru/,"2,048",
Conductor LLC,https://www.conductor.com/,"2,048",
CyrusOne LLC,https://cyrusone.com/,"2,048",
datahata.by,http://datahata.by/,"2,048",
DataKeepers (Pty) Ltd,https://datakeepers.co.za/,"2,048",
DataPlugs,http://www.dataplugs.com/,"2,048",
"DataWagon, LLC",https://datawagon.com/,"2,048",
Ddos Protections Ltd,https://antiddos.eu/,"2,048",
Dynu Systems Inc.,https://www.dynu.com/,"2,048",
eHostIDC,http://www.ehostidc.co.kr,"2,048",
Faelix,https://faelix.net/,"2,048",
Faraso,https://www.faraso.org/,"2,048",
FTECH.VN,https://www.ftech.vn/,"2,048",
GARMTECH LP.,http://www.garmtech.lv/,"2,048",
Genesys Informatica S.r.l.,https://www.hostingsolutions.it/,"2,048",
GM host LLC,https://gmhost.hosting/,"2,048",
"Grand Web Solutions, Inc.",http://www.grandwebsolutions.com/,"2,048",
h4hosting.eu,http://h4hosting.eu/,"2,048",
HelloVPS,http://www.hellovps.com/,"2,048",
hostinet.com,http://hostinet.com/,"2,048",
Hostline.ru,http://hostline.ru/,"2,048",
"Incx Global, LLC",https://www.incx.net/,"2,048",
infinitetech.eu,http://www.infinitetech.eu/,"2,048",
ip.ro,http://ip.ro/,"2,048",
IT Lab Limited,https://www.itlab.com/,"2,048",
Its Hosted,http://www.itshosted.nl/,"2,048",
"j2 Global, Inc.",http://j2.com/,"2,048",
Jagoan Hosting (Beon Intermedia),https://www.jagoanhosting.com/,"2,048",
National Computer Systems Co Ltd,http://www.nashirnet.net/,"2,048",
Nelax,https://nelax.it/,"2,048",
NEPHAX,http://www.nephax.net/,"2,048",
Netsys Global Telecom Limited,http://www.netsysdatacenter.com/,"2,048",
Network Dynamics Pty Ltd,https://networkdynamics.com.au/,"2,048",
NT-VPS.RU ((NTCOM),https://nt-vps.ru/,"2,048",
NuFuture Ltd,http://www.nublue.co.uk/,"2,048",
O2Switch,https://www.o2switch.fr/,"2,048",
PCCW Solutions,http://www.pccwsolutions.com/,"2,048",
pgHosting,http://pghosting.de/,"2,048",
Pt. Bangun Abadi Teknologi Indonesia,http://mybati.co.id/,"2,048",
RackAlley LLC,http://www.rackalley.com/,"2,048",
rackmarkt.com,http://rackmarkt.com/,"2,048",
Rainbow E-Commerce Ltd.,https://bizmac.com/,"2,048",
Ready Server Pte Ltd.,https://www.readyserver.sg/,"2,048",
Rook Media AG,https://www.rookmedia.net/,"2,048",
Secure Hosting Limited,http://www.securehost.com/,"2,048",
Servarica,http://servarica.com/,"2,048",
ServeByte LTD,https://servebyte.com/,"2,048",Yes
Servenet Solution Limited Partnership,http://servenet.co.th/,"2,048",
Seznam.cz,http://onas.seznam.cz/,"2,048",Yes
Sigmanet Kft,https://sigmanet.hu/,"2,048",
Simple Carrier Llc,http://www.simplecarrier.net/,"2,048",Yes
SKB Kontur,https://kontur.ru/,"2,048",
sologigabit.com,http://www.sologigabit.com/en/Dedicated-Servers,"2,048",
Sputnik Llc,http://corp.sputnik.ru/company,"2,048",
Supreme Telecom Systems,http://supremetelecom.com/,"2,048",
Switch Media Ltd,http://www.switchmedia.co.uk/,"2,048",
TechAvenue,http://www.techavenue.net/,"2,048",
TenTen.vn,https://tenten.vn/,"2,048",
Think Systems UK Ltd,https://www.cloudspaceuk.co.uk/,"2,048",
"Turnitin, LLC.",https://www.turnitin.com/,"2,048",
tuxis.nl,http://tuxis.nl/,"2,048",
UA-hosting,https://ua-hosting.company/,"2,048",
ukrainianhosting.com,http://www.ukrainianhosting.com/,"2,048",
Veganet Teknolojileri ve Hizmetleri Ltd.,http://veganet.com.tr/,"2,048",
vexxhost web hosting,http://vexxhost.com/,"2,048",
Viet Online,https://vonline.vn/,"2,048",
VIRTBIZ Internet Services,https://www.virtbiz.com/,"2,048",
WEBAXYS,http://www.webaxys.fr/,"2,048",
Weebly,http://www.weebly.com/,"2,048",
Xemu,http://xemu.eu/,"2,048",
CoolVDS,https://www.coolvds.com/,"1,920",
KnownSRV LTD,http://knownsrv.com/,"1,920",
Adform A/S,https://adform.com/,"1,856",
Deninet,https://www.deninet.hu/,"1,793",
BelCloud Hosting Corporation,https://www.belcloud.net/,"1,792",Yes
Cadence Networks Ltd,https://cadence.net.uk/,"1,792",
Claus Web,https://www.clausweb.ro/,"1,792",
COMNET A.S.,https://www.comnet.net.tr/,"1,792",
corponetsa.net,http://www.corponetsa.net/,"1,792",
GalaxyData,https://galaxydata.ru/,"1,792",Yes
Hosttech Gmbh,https://www.hosttech.eu/,"1,792",
MUVHost,https://www.muvhost.com/,"1,792",Yes
netbudur,https://www.netbudur.com/,"1,792",
NS1,https://www.ns1.bg/,"1,792",
OÜ Web Hosting Solutions,https://fairyhosting.com/,"1,792",
RootLayer Web Services LTD,https://rootlayer.net/,"1,792",
SmartApe LLC,https://www.smartape.eu/,"1,792",
SpectraIP B.V.,http://spectraip.net/,"1,792",
Steep Host,http://www.steephost.com/,"1,792",
Subnet Labs LLC,http://www.impactvps.com/,"1,792",
Utel Datacenter,http://utel.ua/,"1,792",
Amagicom AB (Mullvad VPN),https://mullvad.net/,"1,728",
goneo Internet GmbH.,https://www.goneo.de/,"1,608",
Aqua Ray SAS,http://www.aquaray.fr/,"1,544",
AlphaVPS,http://alphavps.bg/,"1,536",
BEST-HOSTING s.r.o.,https://best-hosting.cz/,"1,536",
DailyRazor,http://www.dailyrazor.com/,"1,536",Yes
"DoubleGIS, LLC",http://2gis.com/,"1,536",
FlokiNET,https://www.flokinet.is/,"1,536",
Hosteur SA,https://www.hosteur.com/,"1,536",
Hosting Ood.,https://www.host.bg/,"1,536",
I7 Llc,http://i7.ru/,"1,536",
"Integral Ad Science, Inc.",http://integralads.com/,"1,536",
Interhost.co.il,http://www.interhost.co.il/,"1,536",Yes
itsoft.ru,https://itsoft.ru/,"1,536",
LiWiNeA GmbH,https://www.simplyroot.de/,"1,536",
LLHOST INC.,https://llhost-inc.eu/en,"1,536",
LoveServers LTD,https://loveservers.com/,"1,536",Yes
MegiTeam,http://www.megiteam.pl/,"1,536",
mtw.ru,https://mtw.ru/,"1,536",
NeoHost,https://www.neohost.net/,"1,536",
Netminders Data Solution,https://net-minders.com/,"1,536",
nthost.ru,http://nthost.ru/,"1,536",
QNAX,https://qnax.com.br/,"1,536",
Quadronet LLC,http://quadronet.net/,"1,536",Yes
Rambler&Co,https://rambler-co.ru/,"1,536",
Tangram Ukraine,http://tangram.ua/eng/index.html,"1,536",
TutHost,https://tuthost.ua/,"1,536",
VPSVILLE,https://vpsville.ru/,"1,536",
"Web4ce, s.r.o.",http://www.web4ce.cz/,"1,536",
ZBSCloud,https://zbs.cloud/,"1,536",
PS.kz,https://www.ps.kz/,"1,408",
SSDCloud.BG,https://www.ssdcloud.bg/,"1,408",
Alma,http://almahost.ir/,"1,376",
Croatian Web Hosting,https://www.croweb.host/,"1,360",
conova communications GmbH,https://www.conova.com/,"1,356",Yes
KONTENT GmbH,https://www.kontent.com/,"1,352",
Bilge Hosting,https://www.bilgehosting.com/,"1,344",
Cloud.dk,https://cloud.dk/,"1,344",
Keminet Ltd.,https://www.keminet.net/,"1,307",
digi-cloud.net,https://digi-cloud.net/,"1,280",
Estoxy,http://estoxy.com/,"1,280",
GB Network Solutions Sdn. Bhd.,https://www.gbnetwork.my/,"1,280",
Global Cloud Infrastructure,http://www.globalcloudinfra.com/,"1,280",
Greendata,https://www.greenhousing.cz/,"1,280",
IBEE Hosting,https://www.ibeehosting.com/,"1,280",Yes
Medyabim,http://www.medyabim.com.tr/,"1,280",
quickweb.co.nz,http://quickweb.co.nz/,"1,280",
Qwant SAS,https://www.qwant.com/,"1,280",
Rethem Hosting Llc,http://www.rethemhosting.net/,"1,280",
RouterHosting,https://www.routerhosting.com/,"1,280",
Semrush Inc,https://www.semrush.com/,"1,280",
UnixHost,https://unixhost.pro/,"1,280",
vds64.com,http://vds64.com/,"1,280",
"VinaHost Co., Ltd.",https://vinahost.vn/,"1,280",
VPS Ace,http://vpsace.com/,"1,280",
YAR-TT,http://yar-tt.ru/,"1,280",
yisp Netherlands,http://yisp.nl/,"1,280",
DigitalOne AG,http://www.digitalone.com/,"1,248",
S2 Coltd,http://www.forestcity-datagarden.com/,"1,240",
Amsio B.V.,https://www.amsio.com/,"1,168",
SeedVPS,https://www.seedvps.com/,"1,152",Yes
myVirtualserver.com,https://myvirtualserver.com/,"1,092",
IP Server,https://www.ipserver.su/,"1,088",
Real Comm srl,https://www.realcomm.it/,"1,088",
niobeweb.net,http://www.niobeweb.net/,"1,064",
Zwiebelfreunde e.V.,https://zwiebelfreunde.de/,"1,048",Yes
0x2A Datacenter,http://0x2a.com.ua/,"1,024",
Advania,https://www.advania.is/,"1,024",
Alpha1Servers,https://www.alpha1servers.com/,"1,024",
Alvotech Netherlands,http://www.alvotech.de/,"1,024",
Apollon,http://apollon-hosting.ru/,"1,024",
Asia Server Host,http://www.asiaserverhost.com/,"1,024",
Atak Domain Hosting,https://www.atakdomain.com/,"1,024",
Azar-A,http://azar-a.net/,"1,024",
BAEHOST,https://baehost.com/,"1,024",
Benzahosting.cl,https://www.benzahosting.cl/,"1,024",
Best-Hoster Group Co. Ltd.,https://best-hoster.ru/,"1,024",
Breezle LLC,https://www.breezle.net/,"1,024",
Caravan Aero,http://www.caravan.ru/aero/,"1,024",
Ciberconceito,https://www.ciberconceito.com/,"1,024",
Cloud Host Pte Ltd,https://cloudhost.asia/,"1,024",
Cloudeos,https://www.cloudeos.com/,"1,024",
"Cloudinfrastack, s.r.o",https://cloudevelops.com/,"1,024",
Cloudlayer8,https://cl8.com/,"1,024",
Coc Coc Company Limited.,http://coccoc.vn/,"1,024",
combahton GmbH,https://www.combahton.net/,"1,024",
comfoplace.com,http://comfoplace.com/,"1,024",
"Critical Impact Software, Inc.",https://criticalimpact.com/,"1,024",
cybernetic-servers.co.uk,http://cybernetic-servers.co.uk/,"1,024",
Dade Pardazi Mobinhost Co. Ltd,https://www.mobinhost.com/,"1,024",
Data Techno Park,http://www.dtpark.pl/,"1,024",
Data Xata,http://www.data-xata.com/,"1,024",
data-xata.com,http://www.data-xata.com/,"1,024",
Dream Line Holding,http://dream.net.ua/,"1,024",
E-Hosting Online,https://ehostingonline.com/,"1,024",
easyname GmbH,https://www.easyname.com/,"1,024",
Eksen Bilişim,http://eksenbilisim.com.tr/,"1,024",
Ekvia,http://ekvia.com/,"1,024",
ESC,https://esc.vn/,"1,024",Yes
"Eskimo North, Inc",https://www.eskimo.com/,"1,024",
Feral Hosting,https://www.feralhosting.com/,"1,024",
Fibermax,http://fibermax.nl/,"1,024",
Flops,https://flops.ru/,"1,024",
Fusioned Ltd.,https://www.fusioned.net/,"1,024",
Garrison Network Solutions LLC.,http://www.garrisonhost.com/,"1,024",
GOHOST.KZ,https://gohost.kz/,"1,024",
GoodNet,http://goodnet.com.ua/,"1,024",
Heart Internet,https://www.heartinternet.uk/,"1,024",
Heinlein Support GmbH,https://www.heinlein-support.de/impressum,"1,024",
Heureka Shopping s.r.o.,http://onas.heureka.cz/,"1,024",Yes
Hosta Rica,http://hostarica.com/,"1,024",
"Hoster Kg, Ltd",https://hoster.kg/,"1,024",
Hosting.com.tr,https://www.hosting.com.tr/,"1,024",
HOSTLIFE,https://www.hostlife.net/,"1,024",
HQserv,https://www.hqserv.co.il/,"1,024",Yes
Hupohost,http://www.hupohost.com/,"1,024",
icn.bg,http://www.icn.bg/,"1,024",
IDCloudHost (PT Cloud Hosting Indonesia),https://idcloudhost.com/,"1,024",
ideal-solution.org,http://ideal-solution.org/,"1,024",
Imperanet,http://imperanet.com.br/,"1,024",
inAsset,https://inasset.es/,"1,024",
Infinys,http://isi.co.id/,"1,024",
INXY LTD.,https://hostry.com/,"1,024",
iqhost.ru,http://iqhost.ru/,"1,024",
ISPserver,http://ispserver.com/,"1,024",
"Kamatera, Inc.",https://www.kamatera.com/,"1,024",
Kleissner Investments s.r.o.,http://kleissner.cz/,"1,024",
Kualo,http://www.kualo.com/,"1,024",
LHISP S. A.,https://lhisp.com/,"1,024",
Loop Byte Web Services Pvt. Ltd.,https://loopbyte.com/,"1,024",
Loose Foot Computing Limited,https://www.lfchosting.com/,"1,024",
Mailkit s.r.o.,https://www.mailkit.com/,"1,024",
Managed Hosting Services (Gorack),http://www.gorack.net/,"1,024",
MaxiPlace,https://maxiplace.ru/,"1,024",
MAXKO LLC.,https://www.maxko-hosting.com/,"1,024",
MegaTR,https://www.megatrhost.com/,"1,024",
MicroHost,https://www.microhost.com/,"1,024",
Mihan Web Host,https://mihanwebhost.com/,"1,024",
MikroVPS Ltd.,https://www.mikrovps.net/,"1,024",Yes
mirahost,http://mirahub.com/,"1,024",
Mitues,https://mitues.com/,"1,024",
NetSilvania Hosting Services,http://netsilvania.com/,"1,024",
netzozeker.nl,http://www.netzozeker.nl/,"1,024",
Nexril (Corex Solutions LLC),https://nexril.net/,"1,024",
North Hosts Limited,https://www.northhosts.co.uk/,"1,024",
Offshore Racks S.a,http://www.offshoreracks.com/,"1,024",
Optibit,https://www.optibit.ru/,"1,024",
ozhosting.com,http://ozhosting.com/,"1,024",
Pars Shabakeh Azarakhsh Llc,http://parsvds.com/,"1,024",
PEENQ,https://peenq.nl/,"1,024",
Pointer,https://www.pointer.gr/,"1,024",
PRO ISP AS,https://www.proisp.no/,"1,024",
ProHoster.info,http://prohoster.info/,"1,024",
PROHOSTING LLC,https://prohosting.ge/,"1,024",
Prometey,http://ptspb.ru/,"1,024",
PT. JC Indonesia,https://jogjacamp.com/,"1,024",
Public Cloud Ltd,http://publicloud.com/,"1,024",Yes
PVdataNET.com,https://pvdatanet.com/,"1,024",
RM-iNJiNERiNG,http://rm-injinering.ru/,"1,024",
RuWeb,http://ruweb.net/,"1,024",
Saas.group LLC,https://saas.group/,"1,024",
"Scoop.it, Inc.",https://www.scoop.it/,"1,024",
Serversget,http://serversget.com/,"1,024",
Siteimprove A/S,https://siteimprove.com/,"1,024",
Smart Cloud Hosting UK Ltd,https://www.bestwebhosting.co.uk/,"1,024",
SPRINX s.r.o.,https://www.sprinx.com/,"1,024",
sshvps.net,http://sshvps.net/,"1,024",
"StumbleUpon, Inc.",https://www.stumbleupon.com/,"1,024",
Support.by,https://support.by/,"1,024",
SurfEasy Inc.,https://www.surfeasy.com/,"1,024",
TeamCloud Solution Sdn Bhd,https://www.teamcloud.my/,"1,024",
Technox Internet Teknolojileri,https://technox.com.tr/,"1,024",
THINline s.r.o.,http://www.thinline.cz/,"1,024",
time-host.net,https://time-host.net/,"1,024",
TOPHOST S.r.l.,https://www.tophost.it/,"1,024",
Triple C,https://www.ccc.co.il/,"1,024",
UKFast.Net Limited,https://www.ukfast.co.uk/,"1,024",
Valvera s.r.o.,http://www.valvera.cz/,"1,024",
"Venafi, Inc.",https://www.venafi.com/,"1,024",
Veridyen,https://www.veridyen.com/,"1,024",
VHoster UA,http://vhoster.net/,"1,024",
Warpline,http://www.warpline.com/,"1,024",
wehostall,http://wehostall.ru/,"1,024",
Well-Web,https://well-web.net/,"1,024",Yes
WINFORMA Witschi,https://www.winforma.ch/,"1,024",
World Hosting Farm LTD,http://worldhostingfarm.com/,"1,024",
YNT.COM.TR,https://www.ynt.com.tr/,"1,024",
tops.net GmbH & Co. KG,http://www.tops.net/,992,
UK2.NET,https://www.uk2.net/,967,Yes
HiFiserver.com,https://www.hifiserver.com/,928,
Platon Technologies s.r.o.,http://platon.sk/,912,Yes
interscholz Internet Services GmbH Co. KG,https://interscholz.de/,824,Yes
2 Cloud Ltd.,https://2cloud.eu/,768,
Angani Ltd,http://www.angani.co/,768,
CityNet Host,https://www.citynethost.com/,768,
"Comodo Group, Inc.",https://www.comodo.com/,768,Yes
DataSpring s.r.o.,http://www.dataspring.cz/,768,
Delta Bulgaria,http://delta.bg/,768,
Digital Virtualisation Solutions SRL,https://digital-vm.com/,768,
EstroWeb,http://www.estrowebservices.com/,768,
FinalTek.com,http://www.finaltek.com/,768,
HETNiX,https://www.hetnix.com/,768,
Host-UA,https://host-ua.com/,768,
IndoVirtue,https://indovirtue.com/,768,
IP Interactive,https://ip-interactive.de/,768,
leaderhost.ru,http://leaderhost.ru/,768,
Linevast Hosting,https://linevast.de/,768,Yes
Netiran,https://netiran.net/,768,
Next Point Host,https://nextpointhost.com/,768,
Paylicense,https://paylicense.com/,768,
Quintex,https://quintex.com/,768,Yes
StarryDNS,https://www.starrydns.com/,768,
THC Projects SRL,https://www.thcservers.com/,768,
Trdeserver Internet Hizmetleri,https://www.trdeserver.com/,768,
VisualHosting SRL,https://visualhosting.net/,768,
WebReus,https://www.webreus.nl/,768,
WebSupport SK,https://www.websupport.sk/,768,
Real Hosts Limited,https://www.real-hosts.com/,641,
Brandwatch,https://www.brandwatch.com/,640,
co-location.com,http://co-location.com/,640,
CyberSecurity My,https://www.cybersecurity.my/,640,
HQ GmbH,http://hq-gmbh.de/,640,
idealhosting,http://www.idealhosting.com/,640,
Artnet Sp. z o.o.,https://www.artnet.pl/,600,
Multim Ltd,https://www.multim.fi/,576,
Apexhost,http://www.apexhost.com.au/,544,
TurboHost,https://turbohost.nl/,528,
Ardis Russia,https://ardis.ru/,512,
"Castle Global, Inc.",https://thehive.ai/,512,
"Censys, Inc.",https://censys.io/,512,
Coosto BV,https://www.coosto.com/,512,Yes
Czech It Cluster,https://www.czech-itc.cz/,512,
data-centr.lv,http://vps-hosting.lv/,512,
Dewaweb,https://www.dewaweb.com/,512,
"Digirock, Inc",http://www.digi-rock.com/,512,
DSRack,http://dsrack.dk/,512,
ERIX-COLO,http://www.rtcomm.ru/,512,
ethnohosting,http://ethnohosting.com/,512,
Experian plc,https://www.experianplc.com/,512,
Expro Sp. z o.o.,http://www.expro.pl/,512,
fcloud.biz,http://fcloud.biz/,512,
Flynet LTD,https://www.flynet.pro/,512,
galahost,http://galahost.net/,512,
Gransy s.r.o.,https://gransy.com/,512,Yes
HK Serverworks,https://www.hkserverworks.com/,512,
HostBrink,http://www.hostbrink.com/,512,
Iperweb Ltd.,http://iperweb.com/,512,
ISPSystem,https://www.ispsystem.com/,512,
ix-host.ru,http://www.ix-host.ru/,512,
JSC Technical centre of Internet,https://tcinet.ru/,512,
KV Solutions B.V.,https://www.kvsolutions.nl/,512,
LeaseVPS,https://www.leasevps.com/,512,
Maral Host,https://www.maralhost.com/,512,
MediaSift Ltd,https://datasift.com/,512,Yes
MSK.HOST,https://msk.host/,512,
myhost.ua,http://www.myhost.ua/,512,
NeoServer,https://neoserver.site/,512,
NETIO,https://www.netio.cz/,512,
"Netowl,Inc.",http://www.netowl.jp/,512,
nvhost.ru,https://nvhost.ru/,512,
NWT iDC Data Service,https://www.hkbnes.net/,512,
Offshore Servers,https://www.offshore-servers.com/,512,
OkServers LLC,https://okservers.net/,512,
Pickaweb Ltd,https://www.pickaweb.co.uk/,512,
Proper Support LLP,http://www.propersupportmedia.com/,512,
Proservice Llc,https://proservice.ge/,512,
Rackplace NL,https://www.rackplace.de/,512,
Serverion,https://www.serverion.com/,512,
Smart Weblications Gmbh,https://www.smart-weblications.com/,512,
Sollutium LLC,https://sollutium.com/,512,
StepHost SRL,https://www.stephost.md/,512,
SunucumHosting.com.tr,https://sunucumhosting.com.tr/,512,
SuperHosting.BG,http://www.superhosting.bg/,512,
T-N Media Network,http://t-n-media.de/,512,
TehranHost,https://www.tehranhost.com/,512,
teuto.net Netzdienste GmbH,http://teuto.net/,512,
Totalin,https://www.totalin.com/,512,
"UA VPS, LLC",https://vpsua.com/,512,Yes
ukwebhosting.ltd.uk,http://ukwebhosting.ltd.uk/,512,
Uniweb,https://www.uniweb.no/,512,
UZINFOCOM,https://uzinfocom.uz/,512,
VentraIP Australia,https://ventraip.com.au/,512,
VMHaus Limited.,https://vmhaus.com/,512,
WEBD.PL,https://www.webd.pl/,512,
WebhostOne GmbH,https://www.webhostone.de/,512,
WebRuimteHosting,https://www.webruimtehosting.nl/,512,
"X5X, LLC",https://x5x.ru/,512,
XenSpec,https://xenspec.com/,512,
ZET servers Romania,https://zetservers.com/,512,
SharkServers Ltd,https://www.sharkservers.net/,510,
Behostings.be,http://www.behostings.be/,503,
Active Cloud Il,https://www.activecloud.co.il/,384,
MarkMonitor,https://www.markmonitor.com/,384,
netEstate GmbH,https://www.netestate.de/,384,
Query Foundry,http://www.queryfoundry.com/,384,
Turkiye Telekom Datacenter,http://ttnetdc.com/,384,
Webhosting S.R.L.,https://www.wnpower.com/,320,
Fastpath Ike,https://fastpath.gr/,288,
ZonerHost,https://www.zonerhost.com/,264,
1 Gbits,https://1gbits.com/,256,
100UP Hosting,https://100up.org/,256,
3W Infra,http://3winfra.com/,256,
AltunHOST,https://www.altunsatis.com/,256,
Anonymous S.A,http://anonymouse.org/,256,
Artikel10 e.V.,https://artikel10.org/,256,Yes
Association Globenet,http://www.globenet.org/,256,
Atlantic.Net,https://www.atlantic.net/,256,
"AVIA Consulting, Inc",http://www.aviaweb.net/,256,
AWIN Ltd.,https://www.awin.com/,256,
B&P Interactive Ltd,https://www.bpweb.net/,256,
best-hosting.ro,http://best-hosting.ro/,256,
BlueVPS OÜ,https://bluevps.com/,256,
budgetbytes,https://www.budgetbytes.nl/,256,
Calyx Institute,https://calyxinstitute.org/,256,
Cloud9,https://cloud9.ge/,256,
cloud:LINK,https://www.cloudlink.sk/,256,
"Cloudinhost, Inc.",https://www.cloudinhost.com/,256,
Cloudzilla Netherlands,http://cloudzilla.nl/,256,
Compubyte Limited/UCOZ Ltd.,https://www.ucoz.com/,256,
Crystone AB,https://www.crystone.se/,256,
daha.net,https://www.daha.net/,256,
Daticum,https://www.daticum.com/,256,
Debesynas,http://debesynas.com/,256,
deziweb,http://deziweb.com/,256,
DHAP CENTER S.L.,http://dhapcenter.es/,256,
directwebhost.org,http://directwebhost.org/,256,
DL HOST.,https://www.dlhost.com/,256,
Dogado Gmbh,http://www.topnetworks.de/,256,
Dominios,https://www.dominios.pt/,256,
"Eightomic, LLC",https://eightomic.com/,256,
elitehost,http://elitehost.co.za/,256,
Emerald Onion,https://emeraldonion.org/,256,Yes
ESTT,https://estt.ru/,256,
EVERHOST S.R.L.,http://everhost.ro/,256,
EvoVPS,http://evovps.com/,256,
Exonet B.V.,https://www.exonet.nl/,256,Yes
F3 Netze e.V.,https://f3netze.de/,256,Yes
Fine Group,http://www.finegroup.co.uk/,256,
FineVPN.com,https://finevpn.com/,256,
Finnish Administrators Reunited,https://far.fi/,256,
Flaunt7,https://flaunt7.com/,256,
Foundation for Applied Privacy,https://applied-privacy.net/,256,
go4cloud,http://go4cloud.com/,256,
Grier Forensics,https://www.grierforensics.com/,256,
HitMe.pl,https://hitme.pl/,256,
Hostgrad,http://hostgrad.ru/,256,
Hostmaze INC,https://hostmaze.com/,256,
HostRush,https://www.hostrush.com/,256,
Hostslick,https://hostslick.de/,256,
HostSpicy,http://www.hostspicy.com/,256,
Idee Inc.,http://ideeinc.com/,256,
incubatec GmbH - Srl,http://www.incubatec.com,256,
Integrity,http://integrity.hu/en/,256,
Interactive Web Solutions Limited,http://www.iweb-hosting.co.uk/,256,
"Internet Info, S.r.o",http://www.iinfo.cz/,256,
Internet Memory Research,https://internetmemory.net/,256,
intrascape,http://intrascape.com/,256,
iPipe International Corp,http://ipipe.net/,256,
IWS Networks,http://iws.co/,256,
JEE.PL,http://jee.pl/,256,
Joey Julian König,https://www.joey-network.de/,256,
Kazakhtelecom Colocation,https://telecom.kz/en,256,
Koehler Internet Services,http://www.lb-server.de/,256,
Levira,https://levira.com/,256,
Linehost DC,https://linehost.pl/,256,
Localhost S.a,http://www.localhost.net.ar/,256,
Magic Lab,https://magiclab.co/,256,
Magna Capax Finland Oy,http://magnacapax.fi/,256,
Managed Data Solutions Pty Ltd,http://www.manageddatasolutions.com.au/,256,
"Maxindo Mitra Solusi, PT",http://www.maxindo.net.id/,256,
MicroSerum Inc.,https://microserum.net/,256,Yes
MIRhosting,https://mirhosting.com/,256,
Moneroj s.r.o.,https://www.moneroj.eu/,256,Yes
MrHost,http://mrhost.biz/,256,
mrhost.biz,http://mrhost.biz/,256,
myh2oservers.com,http://www.myh2oservers.com/,256,
Nagano - Hradec,http://www.o2.cz/,256,
Net Systems Research,http://netsystemsresearch.com/,256,
Netbouncer Ab,https://netbouncer.se/,256,
"Neterra, LLC.",https://neterra.net/,256,
ntx.ru,http://ntx.ru/,256,
OvO Systems Ltd.,https://ovo.sc/,256,
Pantheon,https://pantheon.io/,256,Yes
POHODA-SERVIS spol. s r.o.,https://www.pohoda.com/,256,
ProDos s.r.o.,http://www.prodos.cz/,256,
proinity GmbH,http://www.proinity.com/,256,Yes
"Qualys, Inc.",https://www.qualys.com/,256,
Ready IDC,http://www.readyidc.com/,256,
Registro .it,http://www.nic.it/,256,
relayon.org,https://relayon.org/,256,Yes
Rent a Rack,http://rentarack.no/,256,
"Rootwelt, LLC",https://rootwelt.de/,256,
RSAWEB,https://www.rsaweb.co.za/,256,
RTComm,http://rtcomm.ru/,256,
Sadecehosting Turkey,https://www.sadecehosting.com/en/,256,
SBY-Telecom,http://sby-telecom.info/,256,
Servachok,https://www.serva4ok.ru/,256,
ServeraUkr,https://serveraukr.com/,256,
ServerHosh,https://www.serverhosh.com/,256,
Seven Artisan Inc.,http://7artisan.com,256,
SIA Hostnet,https://www.hostnet.lv/,256,
SinaVPS,https://sinavps.ch/,256,
Siteimprove GmbH,http://siteimprove.com/,256,
smart-hosting.ro,http://smart-hosting.ro/,256,
Spartan Host Ltd.,https://spartanhost.org/,256,
Square Networks,https://squarenetworks.net/,256,
StormyCloud Inc,https://stormycloud.org/,256,Yes
"Sunshine Web Hosting, Inc",http://www.swhi.net/,256,
Szerverplex.hu Kft,https://szerverplex.hu/,256,
Tecnocrática Centro de Datos S.L.,https://tecnocratica.net/,256,
Tentacle Networks Oy,https://www.tentacle.fi/,256,
TRUE.BY,https://true.by/,256,
tube-hosting.de,https://tube-hosting.de/,256,
turhost.com,http://www.turhost.com/,256,
TÜRKYILMAZ Bilişim İnternet Hizmetleri,http://www.türkyılmaz.com/,256,
TuxBox,http://www.tuxbox.ie/,256,Yes
UAB Host Baltic,https://serveroffer.lt/,256,
ultrasvps.com,http://ultrasvps.com/,256,
V6 Consumer Connect Llc,https://v6consumerconnect.com/,256,
VPS4Less,http://www.vps4less.de/,256,
Vuhuv,https://vuhuv.com/,256,
Web World Ireland,https://www.webworld.ie/,256,
Web4Africa,https://www.web4africa.net/,256,Yes
WEBEDIA,https://www.webedia-group.com/,256,
WebWeb.com,http://www.webweb.com/,256,
WISTEE SAS,https://www.wistee.fr/,256,
xentime.com,http://www.xentime.com/,256,
XeonBD,http://www.xeonbd.com/,256,
XET Ltd.,http://xethost.com/,256,Yes
YoHost.org,http://yohost.org/,256,
Z-Tv Corp,https://ztv.su/,256,
Zabec.net,https://www.zabec.net/,256,
Birbir İnternet Hizmetleri,http://www.birbir.net.tr/,255,
hostmark.pl,https://hostmark.pl/,222,
Yoncu,https://www.yoncu.com/,200,
YourLastHost,https://www.yourlasthost.com/,160,
Castlegem Ltd.,http://www.castlegem.co.uk/,128,
CEU Servers,http://ceuservers.net/,128,
"Infegy, Inc.",https://infegy.com/,128,
"Lightspeed Systems, Inc.",https://www.lightspeedsystems.com/,128,
manitu GmbH,https://www.manitu.de/,128,
Megahost.dk,http://www.megahost.dk/,128,
Servereasy Srl,http://www.servereasy.it/,128,
SPOJE-NET,https://www.spoje.net/,128,
Ykoon B.V.,https://www.ykoon.nl/,128,
skHosting.eu s.r.o.,https://skhosting.eu/,110,
Hosixy LLC,https://hosixy.com/,104,
CINIPAC,http://cinipac.com/,96,
DediZULL,http://www.dedizull.com/,66,
Ablative Hosting Ltd,https://ablative.hosting/,64,Yes
Evymo s.r.o.,http://www.evymo.cz/,64,
HostPark,http://www.hostpark.ua/,64,
Internet Marketing Ninjas,https://imninjas.com/,64,
ixam-hosting,http://ixam-hosting.com/,64,
"Neustar, Inc.",https://www.neustar.biz/,64,
Persona Host,http://personahost.net/,64,
Server Green,http://servergreen.com.br/,64,
Sidetrade SA,https://www.sidetrade.com/,64,
Volia Datacenter,https://hosting-service.com.ua/,64,
Yeahhost Sdn Bhd.,https://www.yeahhost.com.my/,64,
Reserver.ru,http://reserver.ru/,40,
Broceliand SAS,https://www.pearltrees.com/,32,
Digitalcourage e. V.,https://digitalcourage.de/,32,
FreeFind.com,http://www.freefind.com/,32,
Hart voor Internetvrijheid,https://www.hartvoorinternetvrijheid.nl/,32,
Neticle Labs Ltd.,https://neticle.com/,32,
Riffle,http://www.riffle.be/,32,
Scrub The Web,http://www.scrubtheweb.com/,32,
Sysomos L.P.,https://sysomos.com/,32,
Twingly AB,https://www.twingly.com/,32,
Wotbox Team,http://www.wotbox.com/,32,
Alibaba Host,https://alibabahost.com/,16,
Ares Hosting,http://areshosting.com/,16,
Ce Colo CZ,https://www.cecolo.com/,16,Yes
Devel.cz Lab s.r.o.,https://devel.cz/,16,
"Dotcom-Monitor, Inc.",https://www.dotcom-monitor.com/,16,
e.ventures,http://www.eventures.vc/,16,
Loftmail,https://www.loftmail.com/,16,
mnogobyte.ru,https://mnogobyte.ru/,16,
MRG Web Services srl,https://mrg.ro/,16,
Name Intelligence Inc.,http://www.nameintelligence.com/,16,
ANZ.ru,https://www.anz.ru/,8,
InternetVista SA,http://www.internetvista.com/,8,
SBA Research gGmbH,https://www.sba-research.org/,8,
"SeekQuarry, LLC",https://www.seekquarry.com/,8,
SuperFlex,https://sflex.net/,8,
Tyler Dence,http://tyzoid.com/,8,